image_id,weight
samoyed_64,2.0
american_bulldog_205,2.0
scottish_terrier_99,2.0
scottish_terrier_97,2.0
japanese_chin_122,2.0
yorkshire_terrier_147,2.0
samoyed_162,2.0
Ragdoll_138,2.0
Abyssinian_123,2.0
american_bulldog_122,2.0
pomeranian_154,2.0
wheaten_terrier_96,2.0
Sphynx_240,2.0
wheaten_terrier_111,2.0
shiba_inu_41,2.0
samoyed_170,2.0
american_bulldog_137,2.0
japanese_chin_60,2.0
Abyssinian_207,2.0
saint_bernard_96,2.0
Sphynx_94,2.0
pomeranian_15,2.0
chihuahua_120,2.0
wheaten_terrier_120,2.0
havanese_61,2.0
shiba_inu_146,2.0
leonberger_5,2.0
scottish_terrier_101,2.0
Bengal_111,0.5
pomeranian_96,2.0
Siamese_96,2.0
boxer_140,2.0
chihuahua_156,2.0
german_shorthaired_133,2.0
yorkshire_terrier_135,2.0
chihuahua_111,2.0
samoyed_159,2.0
Sphynx_61,2.0
yorkshire_terrier_83,2.0
basset_hound_112,2.0
pug_105,2.0
japanese_chin_104,2.0
pomeranian_31,2.0
wheaten_terrier_33,2.0
samoyed_125,2.0
pug_81,2.0
shiba_inu_97,2.0
scottish_terrier_32,2.0
Bombay_160,2.0
pomeranian_188,2.0
staffordshire_bull_terrier_36,2.0
Siamese_225,2.0
Bengal_20,2.0
Bengal_87,2.0
keeshond_21,2.0
miniature_pinscher_165,2.0
english_setter_159,2.0
pug_13,2.0
samoyed_50,2.0
english_setter_34,2.0
Abyssinian_37,2.0
wheaten_terrier_51,2.0
basset_hound_35,2.0
wheaten_terrier_200,2.0
german_shorthaired_132,2.0
British_Shorthair_209,2.0
Maine_Coon_38,2.0
wheaten_terrier_93,2.0
american_pit_bull_terrier_68,2.0
japanese_chin_152,2.0
english_setter_44,2.0
english_setter_5,2.0
samoyed_13,2.0
boxer_22,2.0
great_pyrenees_87,2.0
leonberger_101,2.0
pomeranian_179,2.0
shiba_inu_46,2.0
Abyssinian_77,2.0
Bengal_45,2.0
pug_64,2.0
Siamese_165,2.0
shiba_inu_23,2.0
leonberger_92,2.0
saint_bernard_150,2.0
Bengal_175,0.5
japanese_chin_61,2.0
yorkshire_terrier_182,2.0
pomeranian_180,2.0
Sphynx_194,2.0
saint_bernard_14,2.0
saint_bernard_104,2.0
Abyssinian_164,2.0
german_shorthaired_131,2.0
great_pyrenees_2,2.0
japanese_chin_66,2.0
pomeranian_64,2.0
basset_hound_91,2.0
Sphynx_12,2.0
japanese_chin_68,2.0
shiba_inu_212,2.0
Birman_133,2.0
shiba_inu_145,2.0
Persian_116,2.0
samoyed_44,2.0
samoyed_39,2.0
wheaten_terrier_156,2.0
german_shorthaired_43,2.0
wheaten_terrier_190,2.0
pomeranian_47,2.0
english_cocker_spaniel_16,2.0
pomeranian_57,2.0
Abyssinian_88,2.0
newfoundland_109,2.0
pug_182,2.0
Birman_87,2.0
beagle_103,2.0
japanese_chin_116,2.0
Egyptian_Mau_57,2.0
pomeranian_37,2.0
yorkshire_terrier_137,2.0
staffordshire_bull_terrier_171,2.0
boxer_197,2.0
saint_bernard_24,2.0
Bombay_71,0.5
miniature_pinscher_61,2.0
american_bulldog_197,2.0
boxer_167,2.0
boxer_65,2.0
wheaten_terrier_139,2.0
english_cocker_spaniel_108,2.0
english_setter_80,2.0
saint_bernard_134,2.0
havanese_174,2.0
japanese_chin_57,2.0
basset_hound_134,2.0
yorkshire_terrier_175,2.0
scottish_terrier_104,2.0
wheaten_terrier_102,2.0
basset_hound_28,2.0
havanese_109,2.0
leonberger_52,2.0
Bengal_105,0.5
Maine_Coon_37,2.0
saint_bernard_185,2.0
great_pyrenees_175,2.0
german_shorthaired_98,2.0
english_setter_165,2.0
Bombay_170,2.0
basset_hound_8,2.0
Sphynx_122,2.0
english_cocker_spaniel_103,2.0
basset_hound_24,2.0
newfoundland_107,2.0
beagle_130,2.0
wheaten_terrier_117,2.0
chihuahua_115,2.0
english_cocker_spaniel_76,2.0
saint_bernard_98,2.0
Ragdoll_103,2.0
miniature_pinscher_166,2.0
american_bulldog_188,2.0
american_bulldog_190,0.5
pomeranian_40,2.0
pomeranian_18,2.0
basset_hound_137,2.0
samoyed_14,2.0
saint_bernard_68,2.0
saint_bernard_95,2.0
Maine_Coon_35,2.0
pomeranian_41,2.0
saint_bernard_146,2.0
leonberger_98,2.0
great_pyrenees_79,2.0
shiba_inu_40,2.0
chihuahua_25,2.0
newfoundland_167,2.0
chihuahua_45,2.0
saint_bernard_151,2.0
samoyed_1,2.0
basset_hound_197,2.0
havanese_122,2.0
shiba_inu_94,2.0
basset_hound_90,2.0
yorkshire_terrier_24,2.0
leonberger_140,2.0
shiba_inu_75,2.0
english_cocker_spaniel_168,2.0
Bombay_215,2.0
miniature_pinscher_11,2.0
beagle_170,2.0
yorkshire_terrier_184,2.0
english_cocker_spaniel_63,2.0
keeshond_67,2.0
american_pit_bull_terrier_12,2.0
american_bulldog_186,2.0
english_setter_33,2.0
great_pyrenees_88,2.0
great_pyrenees_46,2.0
wheaten_terrier_188,2.0
boxer_53,2.0
boxer_138,2.0
saint_bernard_106,2.0
german_shorthaired_81,2.0
japanese_chin_97,2.0
wheaten_terrier_122,2.0
leonberger_85,2.0
leonberger_40,2.0
miniature_pinscher_51,2.0
wheaten_terrier_69,2.0
miniature_pinscher_136,2.0
great_pyrenees_7,2.0
scottish_terrier_103,2.0
english_setter_156,2.0
boxer_116,2.0
yorkshire_terrier_50,2.0
staffordshire_bull_terrier_197,2.0
american_bulldog_31,2.0
wheaten_terrier_112,2.0
Bombay_93,2.0
japanese_chin_177,2.0
basset_hound_13,2.0
shiba_inu_25,2.0
miniature_pinscher_196,2.0
chihuahua_49,2.0
american_bulldog_97,2.0
miniature_pinscher_32,2.0
pug_25,2.0
beagle_104,2.0
Bombay_152,2.0
keeshond_40,2.0
english_setter_17,2.0
Siamese_184,2.0
wheaten_terrier_142,2.0
leonberger_78,2.0
newfoundland_168,2.0
havanese_47,2.0
chihuahua_125,2.0
saint_bernard_143,2.0
american_pit_bull_terrier_6,2.0
boxer_108,2.0
Egyptian_Mau_58,2.0
saint_bernard_97,2.0
english_setter_186,2.0
beagle_119,2.0
wheaten_terrier_137,2.0
newfoundland_164,2.0
chihuahua_33,2.0
wheaten_terrier_114,2.0
american_bulldog_35,2.0
shiba_inu_65,2.0
english_cocker_spaniel_189,2.0
beagle_27,2.0
leonberger_87,2.0
german_shorthaired_113,2.0
english_cocker_spaniel_191,2.0
Ragdoll_199,0.5
wheaten_terrier_143,2.0
pomeranian_114,2.0
german_shorthaired_130,2.0
pomeranian_48,2.0
basset_hound_96,0.5
Siamese_218,2.0
Ragdoll_258,2.0
miniature_pinscher_149,2.0
Persian_80,2.0
american_bulldog_201,2.0
Bengal_24,2.0
boxer_79,2.0
havanese_87,2.0
basset_hound_88,2.0
chihuahua_27,2.0
wheaten_terrier_71,2.0
english_cocker_spaniel_116,2.0
leonberger_95,2.0
english_cocker_spaniel_5,2.0
boxer_196,2.0
boxer_35,2.0
wheaten_terrier_119,2.0
boxer_160,2.0
american_pit_bull_terrier_87,2.0
beagle_56,2.0
german_shorthaired_76,2.0
basset_hound_68,2.0
Siamese_106,2.0
pomeranian_53,2.0
basset_hound_199,2.0
wheaten_terrier_161,2.0
Siamese_66,0.5
chihuahua_155,2.0
yorkshire_terrier_25,2.0
